md_candidate_id,md_system_id,replicate_id,key_interaction_id,residue_name,uniprot_residue_number,klifs_position,residue_role,interaction_type,initial_pose_present_flag,consensus_key_interaction_flag,occupancy_fraction,mean_distance,median_distance,persistence_status,warnings_json
mdcand_001,mdsys_mdcand_001,rep01,catalytic_lys:745:Hydrophobic,LYS,745,egfr_sequence_offset_-24,catalytic_lys,Hydrophobic,True,True,0.9970014992503748,3.4395324506911336,3.4142337472256026,computed,[]
mdcand_001,mdsys_mdcand_001,rep01,catalytic_lys:745:VdWContact,LYS,745,egfr_sequence_offset_-24,catalytic_lys,VdWContact,True,True,0.9970014992503748,3.4395324506911336,3.4142337472256026,computed,[]
mdcand_001,mdsys_mdcand_001,rep01,covalent_cys:797:VdWContact,CYS,797,egfr_sequence_offset_-24,covalent_cys,VdWContact,True,True,0.6611694152923538,4.40151535950746,4.265795211808001,computed,[]
mdcand_001,mdsys_mdcand_001,rep01,dfg_region:855:VdWContact,ASP,855,egfr_sequence_offset_-24,dfg_region,VdWContact,True,True,0.889055472263868,3.910225216433926,3.821351115374317,computed,[]
mdcand_001,mdsys_mdcand_001,rep01,gatekeeper:790:VdWContact,THR,790,egfr_sequence_offset_-24,gatekeeper,VdWContact,True,True,0.2468765617191404,5.1941629392299005,5.353101903934365,computed,[]
mdcand_001,mdsys_mdcand_001,rep01,hinge:793:Hydrophobic,MET,793,direct_auth_seq_id,hinge,Hydrophobic,False,True,0.0004997501249375,7.516804991501946,7.711519378693903,computed,[]
mdcand_001,mdsys_mdcand_001,rep01,hinge:793:ImplicitHBAcceptor,MET,793,egfr_sequence_offset_-24,hinge,ImplicitHBAcceptor,False,True,0.0,7.516804991501946,7.711519378693903,computed,[]
mdcand_001,mdsys_mdcand_001,rep01,hinge:793:VdWContact,MET,793,egfr_sequence_offset_-24,hinge,VdWContact,False,True,0.0004997501249375,7.516804991501946,7.711519378693903,computed,[]
mdcand_001,mdsys_mdcand_001,rep01,pocket_residue:719:VdWContact,ALA,719,,pocket_residue,VdWContact,True,True,0.0434782608695652,6.303540281023204,6.474225040912067,computed,[]
mdcand_001,mdsys_mdcand_001,rep01,pocket_residue:726:VdWContact,VAL,726,,pocket_residue,VdWContact,True,True,0.999000499750125,3.66373212073248,3.650215408871943,computed,[]
mdcand_001,mdsys_mdcand_001,rep01,pocket_residue:743:VdWContact,ALA,743,,pocket_residue,VdWContact,False,True,0.0,9.650386588968688,9.641966833279772,computed,[]
mdcand_001,mdsys_mdcand_001,rep01,pocket_residue:766:VdWContact,MET,766,,pocket_residue,VdWContact,True,True,0.9555222388805598,3.5904311976005068,3.4968890392683747,computed,[]
mdcand_001,mdsys_mdcand_001,rep01,pocket_residue:775:VdWContact,CYS,775,,pocket_residue,VdWContact,False,True,0.0029985007496251,6.577015094829629,6.576503840559773,computed,[]
mdcand_001,mdsys_mdcand_001,rep01,pocket_residue:776:VdWContact,ARG,776,,pocket_residue,VdWContact,False,True,0.0,8.253317357109017,8.292035899204075,computed,[]
mdcand_001,mdsys_mdcand_001,rep02,catalytic_lys:745:Hydrophobic,LYS,745,egfr_sequence_offset_-24,catalytic_lys,Hydrophobic,True,True,0.9975012493753124,3.528173966334444,3.491447337498229,computed,[]
mdcand_001,mdsys_mdcand_001,rep02,catalytic_lys:745:VdWContact,LYS,745,egfr_sequence_offset_-24,catalytic_lys,VdWContact,True,True,0.9975012493753124,3.528173966334444,3.491447337498229,computed,[]
mdcand_001,mdsys_mdcand_001,rep02,covalent_cys:797:VdWContact,CYS,797,egfr_sequence_offset_-24,covalent_cys,VdWContact,True,True,0.1039480259870064,5.706171532924806,5.607432264723808,computed,[]
mdcand_001,mdsys_mdcand_001,rep02,dfg_region:855:VdWContact,ASP,855,egfr_sequence_offset_-24,dfg_region,VdWContact,True,True,0.7906046976511744,4.102664679071238,3.9550888846337138,computed,[]
mdcand_001,mdsys_mdcand_001,rep02,gatekeeper:790:VdWContact,THR,790,egfr_sequence_offset_-24,gatekeeper,VdWContact,True,True,0.8660669665167416,3.928991831444066,3.932235152830636,computed,[]
mdcand_001,mdsys_mdcand_001,rep02,hinge:793:Hydrophobic,MET,793,direct_auth_seq_id,hinge,Hydrophobic,False,True,0.0109945027486256,6.58655661678591,5.901943256083367,computed,[]
mdcand_001,mdsys_mdcand_001,rep02,hinge:793:ImplicitHBAcceptor,MET,793,egfr_sequence_offset_-24,hinge,ImplicitHBAcceptor,False,True,0.0,6.58655661678591,5.901943256083367,computed,[]
mdcand_001,mdsys_mdcand_001,rep02,hinge:793:VdWContact,MET,793,egfr_sequence_offset_-24,hinge,VdWContact,False,True,0.0109945027486256,6.58655661678591,5.901943256083367,computed,[]
mdcand_001,mdsys_mdcand_001,rep02,pocket_residue:719:VdWContact,ALA,719,,pocket_residue,VdWContact,True,True,0.5337331334332833,4.489593616001456,4.448015492481377,computed,[]
mdcand_001,mdsys_mdcand_001,rep02,pocket_residue:726:VdWContact,VAL,726,,pocket_residue,VdWContact,True,True,0.9985007496251874,3.749642357679706,3.7360673074485473,computed,[]
mdcand_001,mdsys_mdcand_001,rep02,pocket_residue:743:VdWContact,ALA,743,,pocket_residue,VdWContact,False,True,0.0,9.588047624586526,9.658410437297794,computed,[]
mdcand_001,mdsys_mdcand_001,rep02,pocket_residue:766:VdWContact,MET,766,,pocket_residue,VdWContact,True,True,0.7501249375312344,4.025308851010164,3.698835755980481,computed,[]
mdcand_001,mdsys_mdcand_001,rep02,pocket_residue:775:VdWContact,CYS,775,,pocket_residue,VdWContact,False,True,0.0,7.045925753545223,6.957425791119644,computed,[]
mdcand_001,mdsys_mdcand_001,rep02,pocket_residue:776:VdWContact,ARG,776,,pocket_residue,VdWContact,False,True,0.0,8.264607670653843,8.29246729782576,computed,[]
mdcand_001,mdsys_mdcand_001,rep03,catalytic_lys:745:Hydrophobic,LYS,745,egfr_sequence_offset_-24,catalytic_lys,Hydrophobic,True,True,0.9975012493753124,3.4734929137129957,3.4525487720939605,computed,[]
mdcand_001,mdsys_mdcand_001,rep03,catalytic_lys:745:VdWContact,LYS,745,egfr_sequence_offset_-24,catalytic_lys,VdWContact,True,True,0.9975012493753124,3.4734929137129957,3.4525487720939605,computed,[]
mdcand_001,mdsys_mdcand_001,rep03,covalent_cys:797:VdWContact,CYS,797,egfr_sequence_offset_-24,covalent_cys,VdWContact,True,True,0.3898050974512743,5.06431869839144,4.965686936665574,computed,[]
mdcand_001,mdsys_mdcand_001,rep03,dfg_region:855:VdWContact,ASP,855,egfr_sequence_offset_-24,dfg_region,VdWContact,True,True,0.2113943028485757,5.779489137460718,5.960232159491082,computed,[]
mdcand_001,mdsys_mdcand_001,rep03,gatekeeper:790:VdWContact,THR,790,egfr_sequence_offset_-24,gatekeeper,VdWContact,True,True,0.9475262368815592,3.4673353650506664,3.394026291647122,computed,[]
mdcand_001,mdsys_mdcand_001,rep03,hinge:793:Hydrophobic,MET,793,direct_auth_seq_id,hinge,Hydrophobic,False,True,0.031984007996002,5.695904111538385,5.663098301283674,computed,[]
mdcand_001,mdsys_mdcand_001,rep03,hinge:793:ImplicitHBAcceptor,MET,793,egfr_sequence_offset_-24,hinge,ImplicitHBAcceptor,False,True,0.0024987506246876,5.695904111538385,5.663098301283674,computed,[]
mdcand_001,mdsys_mdcand_001,rep03,hinge:793:VdWContact,MET,793,egfr_sequence_offset_-24,hinge,VdWContact,False,True,0.031984007996002,5.695904111538385,5.663098301283674,computed,[]
mdcand_001,mdsys_mdcand_001,rep03,pocket_residue:719:VdWContact,ALA,719,,pocket_residue,VdWContact,True,True,0.8680659670164917,3.844408053151116,3.683650137924748,computed,[]
mdcand_001,mdsys_mdcand_001,rep03,pocket_residue:726:VdWContact,VAL,726,,pocket_residue,VdWContact,True,True,0.9975012493753124,3.642588167503704,3.6251081876206217,computed,[]
mdcand_001,mdsys_mdcand_001,rep03,pocket_residue:743:VdWContact,ALA,743,,pocket_residue,VdWContact,False,True,0.0,9.29355086273174,9.284503970437038,computed,[]
mdcand_001,mdsys_mdcand_001,rep03,pocket_residue:766:VdWContact,MET,766,,pocket_residue,VdWContact,True,True,0.7526236881559221,4.168604333587587,4.089622249927243,computed,[]
mdcand_001,mdsys_mdcand_001,rep03,pocket_residue:775:VdWContact,CYS,775,,pocket_residue,VdWContact,False,True,0.0,6.82747131073369,6.837558815322421,computed,[]
mdcand_001,mdsys_mdcand_001,rep03,pocket_residue:776:VdWContact,ARG,776,,pocket_residue,VdWContact,False,True,0.0,7.351978538147629,7.328206936469018,computed,[]
mdcand_002,mdsys_mdcand_002,rep02,catalytic_lys:745:Hydrophobic,LYS,745,egfr_sequence_offset_-24,catalytic_lys,Hydrophobic,True,True,0.7031484257871065,4.336183622506074,4.13760622875984,computed,[]
mdcand_002,mdsys_mdcand_002,rep02,catalytic_lys:745:VdWContact,LYS,745,egfr_sequence_offset_-24,catalytic_lys,VdWContact,True,True,0.7031484257871065,4.336183622506074,4.13760622875984,computed,[]
mdcand_002,mdsys_mdcand_002,rep02,covalent_cys:797:VdWContact,CYS,797,egfr_sequence_offset_-24,covalent_cys,VdWContact,True,True,0.9950024987506249,3.518994685645594,3.499112203429299,computed,[]
mdcand_002,mdsys_mdcand_002,rep02,dfg_region:855:VdWContact,ASP,855,egfr_sequence_offset_-24,dfg_region,VdWContact,True,True,0.3253373313343328,4.818251105171732,4.796110828923964,computed,[]
mdcand_002,mdsys_mdcand_002,rep02,gatekeeper:790:VdWContact,THR,790,egfr_sequence_offset_-24,gatekeeper,VdWContact,False,True,0.7726136931534233,4.190670006470141,4.099390859246127,computed,[]
mdcand_002,mdsys_mdcand_002,rep02,hinge:793:Hydrophobic,MET,793,direct_auth_seq_id,hinge,Hydrophobic,True,True,0.9930034982508744,3.544951291188599,3.5147415504575816,computed,[]
mdcand_002,mdsys_mdcand_002,rep02,hinge:793:ImplicitHBAcceptor,MET,793,egfr_sequence_offset_-24,hinge,ImplicitHBAcceptor,False,True,0.4822588705647176,3.544951291188599,3.5147415504575816,computed,[]
mdcand_002,mdsys_mdcand_002,rep02,hinge:793:VdWContact,MET,793,egfr_sequence_offset_-24,hinge,VdWContact,True,True,0.9930034982508744,3.544951291188599,3.5147415504575816,computed,[]
mdcand_002,mdsys_mdcand_002,rep02,pocket_residue:719:VdWContact,ALA,719,,pocket_residue,VdWContact,False,True,0.95752123938031,3.799815502094133,3.7335356650295033,computed,[]
mdcand_002,mdsys_mdcand_002,rep02,pocket_residue:726:VdWContact,VAL,726,,pocket_residue,VdWContact,True,True,0.99800099950025,3.4705159316646643,3.4520861117541988,computed,[]
mdcand_002,mdsys_mdcand_002,rep02,pocket_residue:743:VdWContact,ALA,743,,pocket_residue,VdWContact,False,True,0.0,12.591910175179368,12.679883660347926,computed,[]
mdcand_002,mdsys_mdcand_002,rep02,pocket_residue:766:VdWContact,MET,766,,pocket_residue,VdWContact,False,True,0.016991504247876,6.197523421094212,6.24019472552037,computed,[]
mdcand_002,mdsys_mdcand_002,rep02,pocket_residue:775:VdWContact,CYS,775,,pocket_residue,VdWContact,False,True,0.0004997501249375,7.478731072214977,7.520673007880451,computed,[]
mdcand_002,mdsys_mdcand_002,rep02,pocket_residue:776:VdWContact,ARG,776,,pocket_residue,VdWContact,False,True,0.0,9.05134778703702,9.062647276552722,computed,[]
mdcand_002,mdsys_mdcand_002,rep01,catalytic_lys:745:Hydrophobic,LYS,745,egfr_sequence_offset_-24,catalytic_lys,Hydrophobic,True,True,0.9665167416291854,3.779195878658017,3.742330123323144,computed,[]
mdcand_002,mdsys_mdcand_002,rep01,catalytic_lys:745:VdWContact,LYS,745,egfr_sequence_offset_-24,catalytic_lys,VdWContact,True,True,0.9665167416291854,3.779195878658017,3.742330123323144,computed,[]
mdcand_002,mdsys_mdcand_002,rep01,covalent_cys:797:VdWContact,CYS,797,egfr_sequence_offset_-24,covalent_cys,VdWContact,True,True,0.9870064967516242,3.701330976846607,3.6596896197376703,computed,[]
mdcand_002,mdsys_mdcand_002,rep01,dfg_region:855:VdWContact,ASP,855,egfr_sequence_offset_-24,dfg_region,VdWContact,True,True,0.3533233383308345,4.805754427453326,4.8902470869119306,computed,[]
mdcand_002,mdsys_mdcand_002,rep01,gatekeeper:790:VdWContact,THR,790,egfr_sequence_offset_-24,gatekeeper,VdWContact,False,True,0.9435282358820588,3.751514824360637,3.7101356173116273,computed,[]
mdcand_002,mdsys_mdcand_002,rep01,hinge:793:Hydrophobic,MET,793,direct_auth_seq_id,hinge,Hydrophobic,True,True,0.991504247876062,3.643685855856748,3.628087110693068,computed,[]
mdcand_002,mdsys_mdcand_002,rep01,hinge:793:ImplicitHBAcceptor,MET,793,egfr_sequence_offset_-24,hinge,ImplicitHBAcceptor,False,True,0.3398300849575212,3.643685855856748,3.628087110693068,computed,[]
mdcand_002,mdsys_mdcand_002,rep01,hinge:793:VdWContact,MET,793,egfr_sequence_offset_-24,hinge,VdWContact,True,True,0.991504247876062,3.643685855856748,3.628087110693068,computed,[]
mdcand_002,mdsys_mdcand_002,rep01,pocket_residue:719:VdWContact,ALA,719,,pocket_residue,VdWContact,False,True,0.9900049975012494,3.595734308326449,3.564060878466363,computed,[]
mdcand_002,mdsys_mdcand_002,rep01,pocket_residue:726:VdWContact,VAL,726,,pocket_residue,VdWContact,True,True,1.0,3.5725907643739383,3.576968889045102,computed,[]
mdcand_002,mdsys_mdcand_002,rep01,pocket_residue:743:VdWContact,ALA,743,,pocket_residue,VdWContact,False,True,0.0,11.447856484034377,11.295364258910633,computed,[]
mdcand_002,mdsys_mdcand_002,rep01,pocket_residue:766:VdWContact,MET,766,,pocket_residue,VdWContact,False,True,0.1229385307346326,5.462385421141393,5.337797569397828,computed,[]
mdcand_002,mdsys_mdcand_002,rep01,pocket_residue:775:VdWContact,CYS,775,,pocket_residue,VdWContact,False,True,0.0,7.283030829848608,7.383293301351095,computed,[]
mdcand_002,mdsys_mdcand_002,rep01,pocket_residue:776:VdWContact,ARG,776,,pocket_residue,VdWContact,False,True,0.0,8.145185139095293,7.989524496398578,computed,[]
mdcand_002,mdsys_mdcand_002,rep03,catalytic_lys:745:Hydrophobic,LYS,745,egfr_sequence_offset_-24,catalytic_lys,Hydrophobic,True,True,0.9950024987506249,3.340766399694221,3.2884478277655607,computed,[]
mdcand_002,mdsys_mdcand_002,rep03,catalytic_lys:745:VdWContact,LYS,745,egfr_sequence_offset_-24,catalytic_lys,VdWContact,True,True,0.9950024987506249,3.340766399694221,3.2884478277655607,computed,[]
mdcand_002,mdsys_mdcand_002,rep03,covalent_cys:797:VdWContact,CYS,797,egfr_sequence_offset_-24,covalent_cys,VdWContact,True,True,0.8990504747626187,3.96276464848428,3.9814537640595056,computed,[]
mdcand_002,mdsys_mdcand_002,rep03,dfg_region:855:VdWContact,ASP,855,egfr_sequence_offset_-24,dfg_region,VdWContact,True,True,0.5962018990504747,4.443743033899927,4.12230474580087,computed,[]
mdcand_002,mdsys_mdcand_002,rep03,gatekeeper:790:VdWContact,THR,790,egfr_sequence_offset_-24,gatekeeper,VdWContact,False,True,0.993503248375812,3.5286928357142764,3.520581852770303,computed,[]
mdcand_002,mdsys_mdcand_002,rep03,hinge:793:Hydrophobic,MET,793,direct_auth_seq_id,hinge,Hydrophobic,True,True,0.9785107446276862,3.767622802188402,3.746649262088148,computed,[]
mdcand_002,mdsys_mdcand_002,rep03,hinge:793:ImplicitHBAcceptor,MET,793,egfr_sequence_offset_-24,hinge,ImplicitHBAcceptor,False,True,0.224887556221889,3.767622802188402,3.746649262088148,computed,[]
mdcand_002,mdsys_mdcand_002,rep03,hinge:793:VdWContact,MET,793,egfr_sequence_offset_-24,hinge,VdWContact,True,True,0.9785107446276862,3.767622802188402,3.746649262088148,computed,[]
mdcand_002,mdsys_mdcand_002,rep03,pocket_residue:719:VdWContact,ALA,719,,pocket_residue,VdWContact,False,True,0.769615192403798,4.091859404807464,4.139529828818823,computed,[]
mdcand_002,mdsys_mdcand_002,rep03,pocket_residue:726:VdWContact,VAL,726,,pocket_residue,VdWContact,True,True,1.0,3.430179630430401,3.419171947385938,computed,[]
mdcand_002,mdsys_mdcand_002,rep03,pocket_residue:743:VdWContact,ALA,743,,pocket_residue,VdWContact,False,True,0.0,10.101618542408817,9.843565896717283,computed,[]
mdcand_002,mdsys_mdcand_002,rep03,pocket_residue:766:VdWContact,MET,766,,pocket_residue,VdWContact,False,True,0.4127936031984008,5.070545855367635,4.714445153253054,computed,[]
mdcand_002,mdsys_mdcand_002,rep03,pocket_residue:775:VdWContact,CYS,775,,pocket_residue,VdWContact,False,True,0.0,6.78046892595696,6.536986701961645,computed,[]
mdcand_002,mdsys_mdcand_002,rep03,pocket_residue:776:VdWContact,ARG,776,,pocket_residue,VdWContact,False,True,0.0,7.642411217116807,7.560285845607066,computed,[]
mdcand_003,mdsys_mdcand_003,rep01,catalytic_lys:745:Hydrophobic,LYS,745,egfr_sequence_offset_-24,catalytic_lys,Hydrophobic,True,True,0.9995002498750624,3.497699475119258,3.4890699136488044,computed,[]
mdcand_003,mdsys_mdcand_003,rep01,catalytic_lys:745:VdWContact,LYS,745,egfr_sequence_offset_-24,catalytic_lys,VdWContact,True,True,0.9995002498750624,3.497699475119258,3.4890699136488044,computed,[]
mdcand_003,mdsys_mdcand_003,rep01,covalent_cys:797:VdWContact,CYS,797,egfr_sequence_offset_-24,covalent_cys,VdWContact,False,True,0.248375812093953,4.791356833347977,4.841608660372441,computed,[]
mdcand_003,mdsys_mdcand_003,rep01,dfg_region:855:VdWContact,ASP,855,egfr_sequence_offset_-24,dfg_region,VdWContact,True,True,0.1689155422288855,5.752226147494104,5.804382822385925,computed,[]
mdcand_003,mdsys_mdcand_003,rep01,gatekeeper:790:VdWContact,THR,790,egfr_sequence_offset_-24,gatekeeper,VdWContact,True,True,0.9805097451274364,3.40214361127167,3.3224369591355245,computed,[]
mdcand_003,mdsys_mdcand_003,rep01,hinge:793:Hydrophobic,MET,793,direct_auth_seq_id,hinge,Hydrophobic,True,True,1.0,2.813945206460744,2.7981990979110027,computed,[]
mdcand_003,mdsys_mdcand_003,rep01,hinge:793:ImplicitHBAcceptor,MET,793,egfr_sequence_offset_-24,hinge,ImplicitHBAcceptor,True,True,0.9995002498750624,2.813945206460744,2.7981990979110027,computed,[]
mdcand_003,mdsys_mdcand_003,rep01,hinge:793:VdWContact,MET,793,egfr_sequence_offset_-24,hinge,VdWContact,True,True,1.0,2.813945206460744,2.7981990979110027,computed,[]
mdcand_003,mdsys_mdcand_003,rep01,pocket_residue:719:VdWContact,ALA,719,,pocket_residue,VdWContact,True,True,1.0,3.541034489433085,3.516655950407401,computed,[]
mdcand_003,mdsys_mdcand_003,rep01,pocket_residue:726:VdWContact,VAL,726,,pocket_residue,VdWContact,True,True,0.9995002498750624,3.666208042687988,3.662976748531671,computed,[]
mdcand_003,mdsys_mdcand_003,rep01,pocket_residue:743:VdWContact,ALA,743,,pocket_residue,VdWContact,False,True,0.0,9.734565011514366,9.73044951573814,computed,[]
mdcand_003,mdsys_mdcand_003,rep01,pocket_residue:766:VdWContact,MET,766,,pocket_residue,VdWContact,False,True,0.9250374812593704,3.949255974459292,3.899561270274392,computed,[]
mdcand_003,mdsys_mdcand_003,rep01,pocket_residue:775:VdWContact,CYS,775,,pocket_residue,VdWContact,False,True,0.0,6.886987443824109,6.905666954099331,computed,[]
mdcand_003,mdsys_mdcand_003,rep01,pocket_residue:776:VdWContact,ARG,776,,pocket_residue,VdWContact,False,True,0.0,7.273650602165194,7.227199268398493,computed,[]
mdcand_003,mdsys_mdcand_003,rep02,catalytic_lys:745:Hydrophobic,LYS,745,egfr_sequence_offset_-24,catalytic_lys,Hydrophobic,True,True,0.9965017491254372,3.5216745762115345,3.4881942112837283,computed,[]
mdcand_003,mdsys_mdcand_003,rep02,catalytic_lys:745:VdWContact,LYS,745,egfr_sequence_offset_-24,catalytic_lys,VdWContact,True,True,0.9965017491254372,3.5216745762115345,3.4881942112837283,computed,[]
mdcand_003,mdsys_mdcand_003,rep02,covalent_cys:797:VdWContact,CYS,797,egfr_sequence_offset_-24,covalent_cys,VdWContact,False,True,0.27936031984008,4.812503614330151,4.86878424131702,computed,[]
mdcand_003,mdsys_mdcand_003,rep02,dfg_region:855:VdWContact,ASP,855,egfr_sequence_offset_-24,dfg_region,VdWContact,True,True,0.5777111444277861,4.54266486170514,4.374707140730573,computed,[]
mdcand_003,mdsys_mdcand_003,rep02,gatekeeper:790:VdWContact,THR,790,egfr_sequence_offset_-24,gatekeeper,VdWContact,True,True,0.8540729635182409,3.753007206505853,3.56371008951341,computed,[]
mdcand_003,mdsys_mdcand_003,rep02,hinge:793:Hydrophobic,MET,793,direct_auth_seq_id,hinge,Hydrophobic,True,True,0.9995002498750624,2.8513124056621595,2.8247898168212355,computed,[]
mdcand_003,mdsys_mdcand_003,rep02,hinge:793:ImplicitHBAcceptor,MET,793,egfr_sequence_offset_-24,hinge,ImplicitHBAcceptor,True,True,0.991504247876062,2.8513124056621595,2.8247898168212355,computed,[]
mdcand_003,mdsys_mdcand_003,rep02,hinge:793:VdWContact,MET,793,egfr_sequence_offset_-24,hinge,VdWContact,True,True,0.9995002498750624,2.8513124056621595,2.8247898168212355,computed,[]
mdcand_003,mdsys_mdcand_003,rep02,pocket_residue:719:VdWContact,ALA,719,,pocket_residue,VdWContact,True,True,0.9930034982508744,3.5538954825946663,3.5079539677843963,computed,[]
mdcand_003,mdsys_mdcand_003,rep02,pocket_residue:726:VdWContact,VAL,726,,pocket_residue,VdWContact,True,True,1.0,3.6714417205234025,3.6607401898822265,computed,[]
mdcand_003,mdsys_mdcand_003,rep02,pocket_residue:743:VdWContact,ALA,743,,pocket_residue,VdWContact,False,True,0.0,9.850142847450211,9.840268340138104,computed,[]
mdcand_003,mdsys_mdcand_003,rep02,pocket_residue:766:VdWContact,MET,766,,pocket_residue,VdWContact,False,True,0.967016491754123,3.8918553036801113,3.863433804812559,computed,[]
mdcand_003,mdsys_mdcand_003,rep02,pocket_residue:775:VdWContact,CYS,775,,pocket_residue,VdWContact,False,True,0.0,6.7179882146950405,6.693957747001863,computed,[]
mdcand_003,mdsys_mdcand_003,rep02,pocket_residue:776:VdWContact,ARG,776,,pocket_residue,VdWContact,False,True,0.0,7.215086545646349,7.168804286283818,computed,[]
mdcand_003,mdsys_mdcand_003,rep03,catalytic_lys:745:Hydrophobic,LYS,745,egfr_sequence_offset_-24,catalytic_lys,Hydrophobic,True,True,0.9945027486256872,3.5286186059137816,3.493334204868597,computed,[]
mdcand_003,mdsys_mdcand_003,rep03,catalytic_lys:745:VdWContact,LYS,745,egfr_sequence_offset_-24,catalytic_lys,VdWContact,True,True,0.9945027486256872,3.5286186059137816,3.493334204868597,computed,[]
mdcand_003,mdsys_mdcand_003,rep03,covalent_cys:797:VdWContact,CYS,797,egfr_sequence_offset_-24,covalent_cys,VdWContact,False,True,0.4697651174412793,4.568365832135249,4.595971708120332,computed,[]
mdcand_003,mdsys_mdcand_003,rep03,dfg_region:855:VdWContact,ASP,855,egfr_sequence_offset_-24,dfg_region,VdWContact,True,True,0.511744127936032,4.610877973861289,4.477229202921478,computed,[]
mdcand_003,mdsys_mdcand_003,rep03,gatekeeper:790:VdWContact,THR,790,egfr_sequence_offset_-24,gatekeeper,VdWContact,True,True,0.8610694652673663,3.954514644859443,3.994161256824897,computed,[]
mdcand_003,mdsys_mdcand_003,rep03,hinge:793:Hydrophobic,MET,793,direct_auth_seq_id,hinge,Hydrophobic,True,True,0.9960019990004998,2.995480521587304,2.8957377957284294,computed,[]
mdcand_003,mdsys_mdcand_003,rep03,hinge:793:ImplicitHBAcceptor,MET,793,egfr_sequence_offset_-24,hinge,ImplicitHBAcceptor,True,True,0.9110444777611194,2.995480521587304,2.8957377957284294,computed,[]
mdcand_003,mdsys_mdcand_003,rep03,hinge:793:VdWContact,MET,793,egfr_sequence_offset_-24,hinge,VdWContact,True,True,0.9960019990004998,2.995480521587304,2.8957377957284294,computed,[]
mdcand_003,mdsys_mdcand_003,rep03,pocket_residue:719:VdWContact,ALA,719,,pocket_residue,VdWContact,True,True,0.9975012493753124,3.4717917570790773,3.431895078972737,computed,[]
mdcand_003,mdsys_mdcand_003,rep03,pocket_residue:726:VdWContact,VAL,726,,pocket_residue,VdWContact,True,True,0.9955022488755624,3.74508505774818,3.736251988912459,computed,[]
mdcand_003,mdsys_mdcand_003,rep03,pocket_residue:743:VdWContact,ALA,743,,pocket_residue,VdWContact,False,True,0.0,9.942454386165537,9.9478008529084,computed,[]
mdcand_003,mdsys_mdcand_003,rep03,pocket_residue:766:VdWContact,MET,766,,pocket_residue,VdWContact,False,True,0.9065467266366816,4.00476391733208,3.959092159828852,computed,[]
mdcand_003,mdsys_mdcand_003,rep03,pocket_residue:775:VdWContact,CYS,775,,pocket_residue,VdWContact,False,True,0.0,6.450911042446198,6.474428276597681,computed,[]
mdcand_003,mdsys_mdcand_003,rep03,pocket_residue:776:VdWContact,ARG,776,,pocket_residue,VdWContact,False,True,0.0,7.405582425960669,7.387417611995362,computed,[]
mdcand_004,mdsys_mdcand_004,rep03,catalytic_lys:745:Hydrophobic,LYS,745,egfr_sequence_offset_-24,catalytic_lys,Hydrophobic,False,True,0.6776611694152923,4.328226233910895,4.312653621871676,computed,[]
mdcand_004,mdsys_mdcand_004,rep03,catalytic_lys:745:VdWContact,LYS,745,egfr_sequence_offset_-24,catalytic_lys,VdWContact,False,True,0.6776611694152923,4.328226233910895,4.312653621871676,computed,[]
mdcand_004,mdsys_mdcand_004,rep03,covalent_cys:797:VdWContact,CYS,797,egfr_sequence_offset_-24,covalent_cys,VdWContact,False,True,0.2708645677161419,4.797687846228306,4.754650463651547,computed,[]
mdcand_004,mdsys_mdcand_004,rep03,dfg_region:855:VdWContact,ASP,855,egfr_sequence_offset_-24,dfg_region,VdWContact,True,True,0.0849575212393803,5.928863859813614,6.002673461901713,computed,[]
mdcand_004,mdsys_mdcand_004,rep03,gatekeeper:790:VdWContact,THR,790,egfr_sequence_offset_-24,gatekeeper,VdWContact,True,True,0.8735632183908046,4.032303966003552,3.984996325654417,computed,[]
mdcand_004,mdsys_mdcand_004,rep03,hinge:793:Hydrophobic,MET,793,direct_auth_seq_id,hinge,Hydrophobic,True,True,0.9975012493753124,3.370681735388184,3.33086042727739,computed,[]
mdcand_004,mdsys_mdcand_004,rep03,hinge:793:ImplicitHBAcceptor,MET,793,egfr_sequence_offset_-24,hinge,ImplicitHBAcceptor,True,True,0.7211394302848576,3.370681735388184,3.33086042727739,computed,[]
mdcand_004,mdsys_mdcand_004,rep03,hinge:793:VdWContact,MET,793,egfr_sequence_offset_-24,hinge,VdWContact,True,True,0.9975012493753124,3.370681735388184,3.33086042727739,computed,[]
mdcand_004,mdsys_mdcand_004,rep03,pocket_residue:719:VdWContact,ALA,719,,pocket_residue,VdWContact,True,True,0.9655172413793104,3.7414162898359504,3.6837170189173296,computed,[]
mdcand_004,mdsys_mdcand_004,rep03,pocket_residue:726:VdWContact,VAL,726,,pocket_residue,VdWContact,True,True,1.0,3.630254613051244,3.6339761447188166,computed,[]
mdcand_004,mdsys_mdcand_004,rep03,pocket_residue:743:VdWContact,ALA,743,,pocket_residue,VdWContact,False,True,0.0,13.479585788889388,13.45223763803292,computed,[]
mdcand_004,mdsys_mdcand_004,rep03,pocket_residue:766:VdWContact,MET,766,,pocket_residue,VdWContact,False,True,0.0,7.647891430784505,7.592063355160753,computed,[]
mdcand_004,mdsys_mdcand_004,rep03,pocket_residue:775:VdWContact,CYS,775,,pocket_residue,VdWContact,False,True,0.0,6.754141909344106,6.730966231663831,computed,[]
mdcand_004,mdsys_mdcand_004,rep03,pocket_residue:776:VdWContact,ARG,776,,pocket_residue,VdWContact,False,True,0.0,8.869506842411056,8.849140674833412,computed,[]
mdcand_004,mdsys_mdcand_004,rep01,catalytic_lys:745:Hydrophobic,LYS,745,egfr_sequence_offset_-24,catalytic_lys,Hydrophobic,False,True,0.8595702148925537,4.052523654611158,4.065401040316227,computed,[]
mdcand_004,mdsys_mdcand_004,rep01,catalytic_lys:745:VdWContact,LYS,745,egfr_sequence_offset_-24,catalytic_lys,VdWContact,False,True,0.8595702148925537,4.052523654611158,4.065401040316227,computed,[]
mdcand_004,mdsys_mdcand_004,rep01,covalent_cys:797:VdWContact,CYS,797,egfr_sequence_offset_-24,covalent_cys,VdWContact,False,True,0.3843078460769615,4.592954972840872,4.586030711362669,computed,[]
mdcand_004,mdsys_mdcand_004,rep01,dfg_region:855:VdWContact,ASP,855,egfr_sequence_offset_-24,dfg_region,VdWContact,True,True,0.0774612693653173,6.237540918301396,6.380069310879471,computed,[]
mdcand_004,mdsys_mdcand_004,rep01,gatekeeper:790:VdWContact,THR,790,egfr_sequence_offset_-24,gatekeeper,VdWContact,True,True,0.8055972013993004,4.157031556193144,4.116917687512952,computed,[]
mdcand_004,mdsys_mdcand_004,rep01,hinge:793:Hydrophobic,MET,793,direct_auth_seq_id,hinge,Hydrophobic,True,True,0.9725137431284356,3.285247436661243,3.1995000334247097,computed,[]
mdcand_004,mdsys_mdcand_004,rep01,hinge:793:ImplicitHBAcceptor,MET,793,egfr_sequence_offset_-24,hinge,ImplicitHBAcceptor,True,True,0.8445777111444278,3.285247436661243,3.1995000334247097,computed,[]
mdcand_004,mdsys_mdcand_004,rep01,hinge:793:VdWContact,MET,793,egfr_sequence_offset_-24,hinge,VdWContact,True,True,0.9725137431284356,3.285247436661243,3.1995000334247097,computed,[]
mdcand_004,mdsys_mdcand_004,rep01,pocket_residue:719:VdWContact,ALA,719,,pocket_residue,VdWContact,True,True,0.9480259870064968,3.91470450040036,3.8728006737513647,computed,[]
mdcand_004,mdsys_mdcand_004,rep01,pocket_residue:726:VdWContact,VAL,726,,pocket_residue,VdWContact,True,True,1.0,3.5331934812473937,3.534443562055328,computed,[]
mdcand_004,mdsys_mdcand_004,rep01,pocket_residue:743:VdWContact,ALA,743,,pocket_residue,VdWContact,False,True,0.0,13.014195679386567,13.013182067763315,computed,[]
mdcand_004,mdsys_mdcand_004,rep01,pocket_residue:766:VdWContact,MET,766,,pocket_residue,VdWContact,False,True,0.0,7.934627998746954,7.860315952309669,computed,[]
mdcand_004,mdsys_mdcand_004,rep01,pocket_residue:775:VdWContact,CYS,775,,pocket_residue,VdWContact,False,True,0.0019990004997501,6.339155229754925,6.277814030788366,computed,[]
mdcand_004,mdsys_mdcand_004,rep01,pocket_residue:776:VdWContact,ARG,776,,pocket_residue,VdWContact,False,True,0.0,8.250358114611643,8.170402587909946,computed,[]
mdcand_004,mdsys_mdcand_004,rep02,catalytic_lys:745:Hydrophobic,LYS,745,egfr_sequence_offset_-24,catalytic_lys,Hydrophobic,False,True,0.7621189405297352,4.137469393433246,4.1016340722941536,computed,[]
mdcand_004,mdsys_mdcand_004,rep02,catalytic_lys:745:VdWContact,LYS,745,egfr_sequence_offset_-24,catalytic_lys,VdWContact,False,True,0.7621189405297352,4.137469393433246,4.1016340722941536,computed,[]
mdcand_004,mdsys_mdcand_004,rep02,covalent_cys:797:VdWContact,CYS,797,egfr_sequence_offset_-24,covalent_cys,VdWContact,False,True,0.3118440779610195,5.0886712480490575,4.930766321016892,computed,[]
mdcand_004,mdsys_mdcand_004,rep02,dfg_region:855:VdWContact,ASP,855,egfr_sequence_offset_-24,dfg_region,VdWContact,True,True,0.440279860069965,4.66396414158511,4.664997339442638,computed,[]
mdcand_004,mdsys_mdcand_004,rep02,gatekeeper:790:VdWContact,THR,790,egfr_sequence_offset_-24,gatekeeper,VdWContact,True,True,0.6101949025487257,4.825551759251595,4.234964560549589,computed,[]
mdcand_004,mdsys_mdcand_004,rep02,hinge:793:Hydrophobic,MET,793,direct_auth_seq_id,hinge,Hydrophobic,True,True,0.2078960519740129,5.734382178325682,5.674840107417565,computed,[]
mdcand_004,mdsys_mdcand_004,rep02,hinge:793:ImplicitHBAcceptor,MET,793,egfr_sequence_offset_-24,hinge,ImplicitHBAcceptor,True,True,0.0424787606196901,5.734382178325682,5.674840107417565,computed,[]
mdcand_004,mdsys_mdcand_004,rep02,hinge:793:VdWContact,MET,793,egfr_sequence_offset_-24,hinge,VdWContact,True,True,0.2078960519740129,5.734382178325682,5.674840107417565,computed,[]
mdcand_004,mdsys_mdcand_004,rep02,pocket_residue:719:VdWContact,ALA,719,,pocket_residue,VdWContact,True,True,0.7086456771614192,4.569476400964459,3.9992979799314177,computed,[]
mdcand_004,mdsys_mdcand_004,rep02,pocket_residue:726:VdWContact,VAL,726,,pocket_residue,VdWContact,True,True,0.99800099950025,3.6189170126997534,3.608853787038044,computed,[]
mdcand_004,mdsys_mdcand_004,rep02,pocket_residue:743:VdWContact,ALA,743,,pocket_residue,VdWContact,False,True,0.0,12.663680661840743,12.808866851505876,computed,[]
mdcand_004,mdsys_mdcand_004,rep02,pocket_residue:766:VdWContact,MET,766,,pocket_residue,VdWContact,False,True,0.1174412793603198,6.356636233408343,6.513378445650192,computed,[]
mdcand_004,mdsys_mdcand_004,rep02,pocket_residue:775:VdWContact,CYS,775,,pocket_residue,VdWContact,False,True,0.1709145427286356,6.539077729880285,6.906469784050707,computed,[]
mdcand_004,mdsys_mdcand_004,rep02,pocket_residue:776:VdWContact,ARG,776,,pocket_residue,VdWContact,False,True,0.0,8.713009204868625,8.561131747111647,computed,[]
mdcand_005,mdsys_mdcand_005,rep01,catalytic_lys:745:Hydrophobic,LYS,745,egfr_sequence_offset_-24,catalytic_lys,Hydrophobic,True,True,0.8125937031484258,3.963289604278168,3.9089410012173738,computed,[]
mdcand_005,mdsys_mdcand_005,rep01,catalytic_lys:745:VdWContact,LYS,745,egfr_sequence_offset_-24,catalytic_lys,VdWContact,True,True,0.8125937031484258,3.963289604278168,3.9089410012173738,computed,[]
mdcand_005,mdsys_mdcand_005,rep01,covalent_cys:797:VdWContact,CYS,797,egfr_sequence_offset_-24,covalent_cys,VdWContact,False,True,0.4157921039480259,4.554883661568687,4.580319398629887,computed,[]
mdcand_005,mdsys_mdcand_005,rep01,dfg_region:855:VdWContact,ASP,855,egfr_sequence_offset_-24,dfg_region,VdWContact,True,True,0.0784607696151924,5.664988051659857,5.810548621325672,computed,[]
mdcand_005,mdsys_mdcand_005,rep01,gatekeeper:790:VdWContact,THR,790,egfr_sequence_offset_-24,gatekeeper,VdWContact,False,True,0.783608195902049,4.150080097403396,3.7463857615614,computed,[]
mdcand_005,mdsys_mdcand_005,rep01,hinge:793:Hydrophobic,MET,793,direct_auth_seq_id,hinge,Hydrophobic,True,True,0.9820089955022488,3.187861640110583,3.070800959087736,computed,[]
mdcand_005,mdsys_mdcand_005,rep01,hinge:793:ImplicitHBAcceptor,MET,793,egfr_sequence_offset_-24,hinge,ImplicitHBAcceptor,False,True,0.8585707146426786,3.187861640110583,3.070800959087736,computed,[]
mdcand_005,mdsys_mdcand_005,rep01,hinge:793:VdWContact,MET,793,egfr_sequence_offset_-24,hinge,VdWContact,True,True,0.9820089955022488,3.187861640110583,3.070800959087736,computed,[]
mdcand_005,mdsys_mdcand_005,rep01,pocket_residue:719:VdWContact,ALA,719,,pocket_residue,VdWContact,True,True,0.970014992503748,3.6526008314646514,3.595268879111282,computed,[]
mdcand_005,mdsys_mdcand_005,rep01,pocket_residue:726:VdWContact,VAL,726,,pocket_residue,VdWContact,True,True,0.9955022488755624,3.641627050899263,3.6266461735322593,computed,[]
mdcand_005,mdsys_mdcand_005,rep01,pocket_residue:743:VdWContact,ALA,743,,pocket_residue,VdWContact,False,True,0.0,12.969979869594209,12.779067396066123,computed,[]
mdcand_005,mdsys_mdcand_005,rep01,pocket_residue:766:VdWContact,MET,766,,pocket_residue,VdWContact,False,True,0.0019990004997501,7.200721690151314,7.072011458083491,computed,[]
mdcand_005,mdsys_mdcand_005,rep01,pocket_residue:775:VdWContact,CYS,775,,pocket_residue,VdWContact,False,True,0.0064967516241879,7.506189985958464,7.562473209050157,computed,[]
mdcand_005,mdsys_mdcand_005,rep01,pocket_residue:776:VdWContact,ARG,776,,pocket_residue,VdWContact,False,True,0.0,9.162058205214302,8.966887523114105,computed,[]
mdcand_005,mdsys_mdcand_005,rep02,catalytic_lys:745:Hydrophobic,LYS,745,egfr_sequence_offset_-24,catalytic_lys,Hydrophobic,True,True,0.9835082458770614,3.253121249820322,3.173609470112449,computed,[]
mdcand_005,mdsys_mdcand_005,rep02,catalytic_lys:745:VdWContact,LYS,745,egfr_sequence_offset_-24,catalytic_lys,VdWContact,True,True,0.9835082458770614,3.253121249820322,3.173609470112449,computed,[]
mdcand_005,mdsys_mdcand_005,rep02,covalent_cys:797:VdWContact,CYS,797,egfr_sequence_offset_-24,covalent_cys,VdWContact,False,True,0.0024987506246876,5.650854135245671,5.475934108254651,computed,[]
mdcand_005,mdsys_mdcand_005,rep02,dfg_region:855:VdWContact,ASP,855,egfr_sequence_offset_-24,dfg_region,VdWContact,True,True,0.1964017991004497,5.330249827611175,5.523929879927921,computed,[]
mdcand_005,mdsys_mdcand_005,rep02,gatekeeper:790:VdWContact,THR,790,egfr_sequence_offset_-24,gatekeeper,VdWContact,False,True,0.5397301349325337,4.500046391356606,4.431680543290725,computed,[]
mdcand_005,mdsys_mdcand_005,rep02,hinge:793:Hydrophobic,MET,793,direct_auth_seq_id,hinge,Hydrophobic,True,True,0.7341329335332334,4.2178364559042345,3.957448546219304,computed,[]
mdcand_005,mdsys_mdcand_005,rep02,hinge:793:ImplicitHBAcceptor,MET,793,egfr_sequence_offset_-24,hinge,ImplicitHBAcceptor,False,True,0.1909045477261369,4.2178364559042345,3.957448546219304,computed,[]
mdcand_005,mdsys_mdcand_005,rep02,hinge:793:VdWContact,MET,793,egfr_sequence_offset_-24,hinge,VdWContact,True,True,0.7341329335332334,4.2178364559042345,3.957448546219304,computed,[]
mdcand_005,mdsys_mdcand_005,rep02,pocket_residue:719:VdWContact,ALA,719,,pocket_residue,VdWContact,True,True,0.9685157421289357,3.563008982068625,3.4859012584460816,computed,[]
mdcand_005,mdsys_mdcand_005,rep02,pocket_residue:726:VdWContact,VAL,726,,pocket_residue,VdWContact,True,True,1.0,3.504737512406415,3.509786195031368,computed,[]
mdcand_005,mdsys_mdcand_005,rep02,pocket_residue:743:VdWContact,ALA,743,,pocket_residue,VdWContact,False,True,0.0,13.33710684941585,13.311488003460626,computed,[]
mdcand_005,mdsys_mdcand_005,rep02,pocket_residue:766:VdWContact,MET,766,,pocket_residue,VdWContact,False,True,0.0,7.388823287046917,7.349966071853604,computed,[]
mdcand_005,mdsys_mdcand_005,rep02,pocket_residue:775:VdWContact,CYS,775,,pocket_residue,VdWContact,False,True,0.0,7.435008250133179,7.368288357245144,computed,[]
mdcand_005,mdsys_mdcand_005,rep02,pocket_residue:776:VdWContact,ARG,776,,pocket_residue,VdWContact,False,True,0.0,9.495723491962648,9.503019701109846,computed,[]
mdcand_005,mdsys_mdcand_005,rep03,catalytic_lys:745:Hydrophobic,LYS,745,egfr_sequence_offset_-24,catalytic_lys,Hydrophobic,True,True,0.9015492253873064,3.859260991410349,3.7992373630809566,computed,[]
mdcand_005,mdsys_mdcand_005,rep03,catalytic_lys:745:VdWContact,LYS,745,egfr_sequence_offset_-24,catalytic_lys,VdWContact,True,True,0.9015492253873064,3.859260991410349,3.7992373630809566,computed,[]
mdcand_005,mdsys_mdcand_005,rep03,covalent_cys:797:VdWContact,CYS,797,egfr_sequence_offset_-24,covalent_cys,VdWContact,False,True,0.1689155422288855,5.267225685526849,5.016174412568555,computed,[]
mdcand_005,mdsys_mdcand_005,rep03,dfg_region:855:VdWContact,ASP,855,egfr_sequence_offset_-24,dfg_region,VdWContact,True,True,0.1324337831084457,5.722762680361639,5.673843107903198,computed,[]
mdcand_005,mdsys_mdcand_005,rep03,gatekeeper:790:VdWContact,THR,790,egfr_sequence_offset_-24,gatekeeper,VdWContact,False,True,0.9185407296351824,3.545701578836135,3.48760498895288,computed,[]
mdcand_005,mdsys_mdcand_005,rep03,hinge:793:Hydrophobic,MET,793,direct_auth_seq_id,hinge,Hydrophobic,True,True,0.9825087456271864,3.1773939082016494,3.0836961025461616,computed,[]
mdcand_005,mdsys_mdcand_005,rep03,hinge:793:ImplicitHBAcceptor,MET,793,egfr_sequence_offset_-24,hinge,ImplicitHBAcceptor,False,True,0.8850574712643678,3.1773939082016494,3.0836961025461616,computed,[]
mdcand_005,mdsys_mdcand_005,rep03,hinge:793:VdWContact,MET,793,egfr_sequence_offset_-24,hinge,VdWContact,True,True,0.9825087456271864,3.1773939082016494,3.0836961025461616,computed,[]
mdcand_005,mdsys_mdcand_005,rep03,pocket_residue:719:VdWContact,ALA,719,,pocket_residue,VdWContact,True,True,0.999000499750125,3.474125483701392,3.4613700271173733,computed,[]
mdcand_005,mdsys_mdcand_005,rep03,pocket_residue:726:VdWContact,VAL,726,,pocket_residue,VdWContact,True,True,1.0,3.632158708469241,3.6324667640470634,computed,[]
mdcand_005,mdsys_mdcand_005,rep03,pocket_residue:743:VdWContact,ALA,743,,pocket_residue,VdWContact,False,True,0.0,11.572443853211889,11.92238695964276,computed,[]
mdcand_005,mdsys_mdcand_005,rep03,pocket_residue:766:VdWContact,MET,766,,pocket_residue,VdWContact,False,True,0.2443778110944527,5.738412068655341,6.0250251580837695,computed,[]
mdcand_005,mdsys_mdcand_005,rep03,pocket_residue:775:VdWContact,CYS,775,,pocket_residue,VdWContact,False,True,0.1864067966016991,6.147578952405155,6.569206961463824,computed,[]
mdcand_005,mdsys_mdcand_005,rep03,pocket_residue:776:VdWContact,ARG,776,,pocket_residue,VdWContact,False,True,0.0,7.76675150517324,8.06213954234678,computed,[]
mdcand_006,mdsys_mdcand_006,rep01,catalytic_lys:745:Hydrophobic,LYS,745,egfr_sequence_offset_-24,catalytic_lys,Hydrophobic,True,True,1.0,3.4503742599834384,3.4478096211191342,computed,[]
mdcand_006,mdsys_mdcand_006,rep01,catalytic_lys:745:VdWContact,LYS,745,egfr_sequence_offset_-24,catalytic_lys,VdWContact,True,True,1.0,3.4503742599834384,3.4478096211191342,computed,[]
mdcand_006,mdsys_mdcand_006,rep01,covalent_cys:797:VdWContact,CYS,797,egfr_sequence_offset_-24,covalent_cys,VdWContact,False,True,0.9375312343828086,3.78089323518872,3.673500065099472,computed,[]
mdcand_006,mdsys_mdcand_006,rep01,dfg_region:855:VdWContact,ASP,855,egfr_sequence_offset_-24,dfg_region,VdWContact,True,True,0.929535232383808,3.6876999597597946,3.61655905592711,computed,[]
mdcand_006,mdsys_mdcand_006,rep01,gatekeeper:790:VdWContact,THR,790,egfr_sequence_offset_-24,gatekeeper,VdWContact,True,True,1.0,2.9074327895636616,2.815831576037107,computed,[]
mdcand_006,mdsys_mdcand_006,rep01,hinge:793:Hydrophobic,MET,793,direct_auth_seq_id,hinge,Hydrophobic,False,True,0.712143928035982,3.9451127620848463,3.736179010684587,computed,[]
mdcand_006,mdsys_mdcand_006,rep01,hinge:793:ImplicitHBAcceptor,MET,793,egfr_sequence_offset_-24,hinge,ImplicitHBAcceptor,False,True,0.4607696151924038,3.9451127620848463,3.736179010684587,computed,[]
mdcand_006,mdsys_mdcand_006,rep01,hinge:793:VdWContact,MET,793,egfr_sequence_offset_-24,hinge,VdWContact,False,True,0.712143928035982,3.9451127620848463,3.736179010684587,computed,[]
mdcand_006,mdsys_mdcand_006,rep01,pocket_residue:719:VdWContact,ALA,719,,pocket_residue,VdWContact,False,True,0.9570214892553724,3.4779317904756906,3.359215669376105,computed,[]
mdcand_006,mdsys_mdcand_006,rep01,pocket_residue:726:VdWContact,VAL,726,,pocket_residue,VdWContact,True,True,0.9995002498750624,3.6961768927343273,3.6764303118235406,computed,[]
mdcand_006,mdsys_mdcand_006,rep01,pocket_residue:743:VdWContact,ALA,743,,pocket_residue,VdWContact,False,True,0.0,10.31841235190351,10.294279784717087,computed,[]
mdcand_006,mdsys_mdcand_006,rep01,pocket_residue:766:VdWContact,MET,766,,pocket_residue,VdWContact,True,True,0.7251374312843578,4.221624525726194,4.174040808953856,computed,[]
mdcand_006,mdsys_mdcand_006,rep01,pocket_residue:775:VdWContact,CYS,775,,pocket_residue,VdWContact,False,True,0.3788105947026486,5.010373357640939,4.8857946424644565,computed,[]
mdcand_006,mdsys_mdcand_006,rep01,pocket_residue:776:VdWContact,ARG,776,,pocket_residue,VdWContact,False,True,0.0,6.786296524366095,6.751164387961336,computed,[]
mdcand_006,mdsys_mdcand_006,rep02,catalytic_lys:745:Hydrophobic,LYS,745,egfr_sequence_offset_-24,catalytic_lys,Hydrophobic,True,True,0.960519740129935,3.6626384142033617,3.642160476233277,computed,[]
mdcand_006,mdsys_mdcand_006,rep02,catalytic_lys:745:VdWContact,LYS,745,egfr_sequence_offset_-24,catalytic_lys,VdWContact,True,True,0.960519740129935,3.6626384142033617,3.642160476233277,computed,[]
mdcand_006,mdsys_mdcand_006,rep02,covalent_cys:797:VdWContact,CYS,797,egfr_sequence_offset_-24,covalent_cys,VdWContact,False,True,0.9325337331334332,3.823785547000406,3.717656974639216,computed,[]
mdcand_006,mdsys_mdcand_006,rep02,dfg_region:855:VdWContact,ASP,855,egfr_sequence_offset_-24,dfg_region,VdWContact,True,True,0.9760119940029984,3.69694882473378,3.655394988630529,computed,[]
mdcand_006,mdsys_mdcand_006,rep02,gatekeeper:790:VdWContact,THR,790,egfr_sequence_offset_-24,gatekeeper,VdWContact,True,True,0.9895052473763118,3.579329306919975,3.549735945223913,computed,[]
mdcand_006,mdsys_mdcand_006,rep02,hinge:793:Hydrophobic,MET,793,direct_auth_seq_id,hinge,Hydrophobic,False,True,0.6446776611694153,4.296592342913959,4.325609157816239,computed,[]
mdcand_006,mdsys_mdcand_006,rep02,hinge:793:ImplicitHBAcceptor,MET,793,egfr_sequence_offset_-24,hinge,ImplicitHBAcceptor,False,True,0.0709645177411294,4.296592342913959,4.325609157816239,computed,[]
mdcand_006,mdsys_mdcand_006,rep02,hinge:793:VdWContact,MET,793,egfr_sequence_offset_-24,hinge,VdWContact,False,True,0.6446776611694153,4.296592342913959,4.325609157816239,computed,[]
mdcand_006,mdsys_mdcand_006,rep02,pocket_residue:719:VdWContact,ALA,719,,pocket_residue,VdWContact,False,True,0.7381309345327336,4.154097832443573,4.207190801151087,computed,[]
mdcand_006,mdsys_mdcand_006,rep02,pocket_residue:726:VdWContact,VAL,726,,pocket_residue,VdWContact,True,True,1.0,3.607360887455497,3.6070310380659936,computed,[]
mdcand_006,mdsys_mdcand_006,rep02,pocket_residue:743:VdWContact,ALA,743,,pocket_residue,VdWContact,False,True,0.0,10.00098140376352,10.019709834088548,computed,[]
mdcand_006,mdsys_mdcand_006,rep02,pocket_residue:766:VdWContact,MET,766,,pocket_residue,VdWContact,True,True,0.8950524737631185,3.900306078698058,3.837206480854242,computed,[]
mdcand_006,mdsys_mdcand_006,rep02,pocket_residue:775:VdWContact,CYS,775,,pocket_residue,VdWContact,False,True,0.1989005497251374,5.350167192127082,5.435676893326189,computed,[]
mdcand_006,mdsys_mdcand_006,rep02,pocket_residue:776:VdWContact,ARG,776,,pocket_residue,VdWContact,False,True,0.0,7.134626036167044,7.267389637440432,computed,[]
mdcand_006,mdsys_mdcand_006,rep03,catalytic_lys:745:Hydrophobic,LYS,745,egfr_sequence_offset_-24,catalytic_lys,Hydrophobic,True,True,0.9995002498750624,3.05571970227014,3.0112596237274483,computed,[]
mdcand_006,mdsys_mdcand_006,rep03,catalytic_lys:745:VdWContact,LYS,745,egfr_sequence_offset_-24,catalytic_lys,VdWContact,True,True,0.9995002498750624,3.05571970227014,3.0112596237274483,computed,[]
mdcand_006,mdsys_mdcand_006,rep03,covalent_cys:797:VdWContact,CYS,797,egfr_sequence_offset_-24,covalent_cys,VdWContact,False,True,0.942528735632184,3.7966287041891182,3.7007189886201535,computed,[]
mdcand_006,mdsys_mdcand_006,rep03,dfg_region:855:VdWContact,ASP,855,egfr_sequence_offset_-24,dfg_region,VdWContact,True,True,0.9145427286356822,3.9011882461045273,3.86124292315662,computed,[]
mdcand_006,mdsys_mdcand_006,rep03,gatekeeper:790:VdWContact,THR,790,egfr_sequence_offset_-24,gatekeeper,VdWContact,True,True,0.9970014992503748,3.6433846493205966,3.622353116702592,computed,[]
mdcand_006,mdsys_mdcand_006,rep03,hinge:793:Hydrophobic,MET,793,direct_auth_seq_id,hinge,Hydrophobic,False,True,0.6606696651674163,4.268886627606715,4.2517452625693,computed,[]
mdcand_006,mdsys_mdcand_006,rep03,hinge:793:ImplicitHBAcceptor,MET,793,egfr_sequence_offset_-24,hinge,ImplicitHBAcceptor,False,True,0.0954522738630684,4.268886627606715,4.2517452625693,computed,[]
mdcand_006,mdsys_mdcand_006,rep03,hinge:793:VdWContact,MET,793,egfr_sequence_offset_-24,hinge,VdWContact,False,True,0.6606696651674163,4.268886627606715,4.2517452625693,computed,[]
mdcand_006,mdsys_mdcand_006,rep03,pocket_residue:719:VdWContact,ALA,719,,pocket_residue,VdWContact,False,True,0.2463768115942029,4.768678122330748,4.821920303617164,computed,[]
mdcand_006,mdsys_mdcand_006,rep03,pocket_residue:726:VdWContact,VAL,726,,pocket_residue,VdWContact,True,True,0.9985007496251874,3.672872681005615,3.666746668090208,computed,[]
mdcand_006,mdsys_mdcand_006,rep03,pocket_residue:743:VdWContact,ALA,743,,pocket_residue,VdWContact,False,True,0.0,9.471769747141009,9.56306791789834,computed,[]
mdcand_006,mdsys_mdcand_006,rep03,pocket_residue:766:VdWContact,MET,766,,pocket_residue,VdWContact,True,True,0.9655172413793104,3.79389274499572,3.759056369792238,computed,[]
mdcand_006,mdsys_mdcand_006,rep03,pocket_residue:775:VdWContact,CYS,775,,pocket_residue,VdWContact,False,True,0.4977511244377811,4.713642071596453,4.508979802423717,computed,[]
mdcand_006,mdsys_mdcand_006,rep03,pocket_residue:776:VdWContact,ARG,776,,pocket_residue,VdWContact,False,True,0.0,6.883352020998172,6.866826430355086,computed,[]
mdcand_neg01,mdsys_mdcand_neg01,rep01,catalytic_lys:745:Hydrophobic,LYS,745,egfr_sequence_offset_-24,catalytic_lys,Hydrophobic,False,True,0.0534732633683158,6.422937463307656,6.46799557162097,computed,[]
mdcand_neg01,mdsys_mdcand_neg01,rep01,catalytic_lys:745:VdWContact,LYS,745,egfr_sequence_offset_-24,catalytic_lys,VdWContact,False,True,0.0534732633683158,6.422937463307656,6.46799557162097,computed,[]
mdcand_neg01,mdsys_mdcand_neg01,rep01,covalent_cys:797:VdWContact,CYS,797,egfr_sequence_offset_-24,covalent_cys,VdWContact,False,True,0.0,12.974736557719138,12.931743973308812,computed,[]
mdcand_neg01,mdsys_mdcand_neg01,rep01,dfg_region:855:VdWContact,ASP,855,egfr_sequence_offset_-24,dfg_region,VdWContact,True,True,0.000999500249875,7.76999375003274,7.290891636768563,computed,[]
mdcand_neg01,mdsys_mdcand_neg01,rep01,gatekeeper:790:VdWContact,THR,790,egfr_sequence_offset_-24,gatekeeper,VdWContact,False,True,0.0,14.28999573565936,14.277316250777584,computed,[]
mdcand_neg01,mdsys_mdcand_neg01,rep01,hinge:793:Hydrophobic,MET,793,direct_auth_seq_id,hinge,Hydrophobic,False,True,0.0,17.941696242721303,17.802563307770267,computed,[]
mdcand_neg01,mdsys_mdcand_neg01,rep01,hinge:793:ImplicitHBAcceptor,MET,793,egfr_sequence_offset_-24,hinge,ImplicitHBAcceptor,False,True,0.0,17.941696242721303,17.802563307770267,computed,[]
mdcand_neg01,mdsys_mdcand_neg01,rep01,hinge:793:VdWContact,MET,793,egfr_sequence_offset_-24,hinge,VdWContact,False,True,0.0,17.941696242721303,17.802563307770267,computed,[]
mdcand_neg01,mdsys_mdcand_neg01,rep01,pocket_residue:719:VdWContact,ALA,719,,pocket_residue,VdWContact,False,True,0.0,14.994640023952671,15.00597969601712,computed,[]
mdcand_neg01,mdsys_mdcand_neg01,rep01,pocket_residue:726:VdWContact,VAL,726,,pocket_residue,VdWContact,False,True,0.0,10.01270832849849,10.054846421356974,computed,[]
mdcand_neg01,mdsys_mdcand_neg01,rep01,pocket_residue:743:VdWContact,ALA,743,,pocket_residue,VdWContact,False,True,0.0,15.818858028164064,15.728403036217864,computed,[]
mdcand_neg01,mdsys_mdcand_neg01,rep01,pocket_residue:766:VdWContact,MET,766,,pocket_residue,VdWContact,False,True,0.0,11.990039283548835,11.94960606264974,computed,[]
mdcand_neg01,mdsys_mdcand_neg01,rep01,pocket_residue:775:VdWContact,CYS,775,,pocket_residue,VdWContact,False,True,0.0,15.644724301273149,15.548207256833583,computed,[]
mdcand_neg01,mdsys_mdcand_neg01,rep01,pocket_residue:776:VdWContact,ARG,776,,pocket_residue,VdWContact,False,True,0.0,16.98666329646667,16.916140305582566,computed,[]
mdcand_neg01,mdsys_mdcand_neg01,rep02,catalytic_lys:745:Hydrophobic,LYS,745,egfr_sequence_offset_-24,catalytic_lys,Hydrophobic,False,True,0.056471764117941,6.418039610979818,6.335273282029353,computed,[]
mdcand_neg01,mdsys_mdcand_neg01,rep02,catalytic_lys:745:VdWContact,LYS,745,egfr_sequence_offset_-24,catalytic_lys,VdWContact,False,True,0.056471764117941,6.418039610979818,6.335273282029353,computed,[]
mdcand_neg01,mdsys_mdcand_neg01,rep02,covalent_cys:797:VdWContact,CYS,797,egfr_sequence_offset_-24,covalent_cys,VdWContact,False,True,0.0,15.606607991826616,15.869474388992218,computed,[]
mdcand_neg01,mdsys_mdcand_neg01,rep02,dfg_region:855:VdWContact,ASP,855,egfr_sequence_offset_-24,dfg_region,VdWContact,True,True,0.0189905047476261,8.712775384703155,8.893464139679208,computed,[]
mdcand_neg01,mdsys_mdcand_neg01,rep02,gatekeeper:790:VdWContact,THR,790,egfr_sequence_offset_-24,gatekeeper,VdWContact,False,True,0.0,14.308282586736349,14.106070194750195,computed,[]
mdcand_neg01,mdsys_mdcand_neg01,rep02,hinge:793:Hydrophobic,MET,793,direct_auth_seq_id,hinge,Hydrophobic,False,True,0.0,19.330287947491765,19.488968754316744,computed,[]
mdcand_neg01,mdsys_mdcand_neg01,rep02,hinge:793:ImplicitHBAcceptor,MET,793,egfr_sequence_offset_-24,hinge,ImplicitHBAcceptor,False,True,0.0,19.330287947491765,19.488968754316744,computed,[]
mdcand_neg01,mdsys_mdcand_neg01,rep02,hinge:793:VdWContact,MET,793,egfr_sequence_offset_-24,hinge,VdWContact,False,True,0.0,19.330287947491765,19.488968754316744,computed,[]
mdcand_neg01,mdsys_mdcand_neg01,rep02,pocket_residue:719:VdWContact,ALA,719,,pocket_residue,VdWContact,False,True,0.0,14.730329583947604,14.514389289522336,computed,[]
mdcand_neg01,mdsys_mdcand_neg01,rep02,pocket_residue:726:VdWContact,VAL,726,,pocket_residue,VdWContact,False,True,0.0,10.494960359758686,10.643584209304924,computed,[]
mdcand_neg01,mdsys_mdcand_neg01,rep02,pocket_residue:743:VdWContact,ALA,743,,pocket_residue,VdWContact,False,True,0.0,15.507744298834083,15.181433471828685,computed,[]
mdcand_neg01,mdsys_mdcand_neg01,rep02,pocket_residue:766:VdWContact,MET,766,,pocket_residue,VdWContact,False,True,0.0,11.87024834767786,11.801823423097208,computed,[]
mdcand_neg01,mdsys_mdcand_neg01,rep02,pocket_residue:775:VdWContact,CYS,775,,pocket_residue,VdWContact,False,True,0.0,16.229603789074954,16.290000740554195,computed,[]
mdcand_neg01,mdsys_mdcand_neg01,rep02,pocket_residue:776:VdWContact,ARG,776,,pocket_residue,VdWContact,False,True,0.0,16.910174126900575,16.67990756889875,computed,[]
mdcand_neg01,mdsys_mdcand_neg01,rep03,catalytic_lys:745:Hydrophobic,LYS,745,egfr_sequence_offset_-24,catalytic_lys,Hydrophobic,False,True,0.0,7.342115639506807,7.30992034388867,computed,[]
mdcand_neg01,mdsys_mdcand_neg01,rep03,catalytic_lys:745:VdWContact,LYS,745,egfr_sequence_offset_-24,catalytic_lys,VdWContact,False,True,0.0,7.342115639506807,7.30992034388867,computed,[]
mdcand_neg01,mdsys_mdcand_neg01,rep03,covalent_cys:797:VdWContact,CYS,797,egfr_sequence_offset_-24,covalent_cys,VdWContact,False,True,0.0,14.27407083538373,14.63107787202567,computed,[]
mdcand_neg01,mdsys_mdcand_neg01,rep03,dfg_region:855:VdWContact,ASP,855,egfr_sequence_offset_-24,dfg_region,VdWContact,True,True,0.0069965017491254,7.934023937852135,7.9360553034454036,computed,[]
mdcand_neg01,mdsys_mdcand_neg01,rep03,gatekeeper:790:VdWContact,THR,790,egfr_sequence_offset_-24,gatekeeper,VdWContact,False,True,0.0,14.860913657396988,14.870352187152143,computed,[]
mdcand_neg01,mdsys_mdcand_neg01,rep03,hinge:793:Hydrophobic,MET,793,direct_auth_seq_id,hinge,Hydrophobic,False,True,0.0,18.4978953761348,18.64631167130601,computed,[]
mdcand_neg01,mdsys_mdcand_neg01,rep03,hinge:793:ImplicitHBAcceptor,MET,793,egfr_sequence_offset_-24,hinge,ImplicitHBAcceptor,False,True,0.0,18.4978953761348,18.64631167130601,computed,[]
mdcand_neg01,mdsys_mdcand_neg01,rep03,hinge:793:VdWContact,MET,793,egfr_sequence_offset_-24,hinge,VdWContact,False,True,0.0,18.4978953761348,18.64631167130601,computed,[]
mdcand_neg01,mdsys_mdcand_neg01,rep03,pocket_residue:719:VdWContact,ALA,719,,pocket_residue,VdWContact,False,True,0.0,15.739809170708527,15.80814674426376,computed,[]
mdcand_neg01,mdsys_mdcand_neg01,rep03,pocket_residue:726:VdWContact,VAL,726,,pocket_residue,VdWContact,False,True,0.0,10.920241392271569,11.013511156543524,computed,[]
mdcand_neg01,mdsys_mdcand_neg01,rep03,pocket_residue:743:VdWContact,ALA,743,,pocket_residue,VdWContact,False,True,0.0,15.231780878799162,15.289214494637037,computed,[]
mdcand_neg01,mdsys_mdcand_neg01,rep03,pocket_residue:766:VdWContact,MET,766,,pocket_residue,VdWContact,False,True,0.0,11.696732448182876,11.755414932308868,computed,[]
mdcand_neg01,mdsys_mdcand_neg01,rep03,pocket_residue:775:VdWContact,CYS,775,,pocket_residue,VdWContact,False,True,0.0,15.92086478848421,15.980810932118796,computed,[]
mdcand_neg01,mdsys_mdcand_neg01,rep03,pocket_residue:776:VdWContact,ARG,776,,pocket_residue,VdWContact,False,True,0.0,17.24205288847201,17.31637055020458,computed,[]
