target,interaction_bit,native_count,native_frequency,in_primary_union,in_60pct_core,native_receptors_json
CDK2,pocket_residue:10:Hydrophobic,2,0.5,True,False,"[""1aq1_a_stu"", ""2a4l_a_rrc""]"
CDK2,pocket_residue:10:VdWContact,4,1.0,True,True,"[""1aq1_a_stu"", ""1fin_a_atp"", ""1pxn_a_ck6"", ""2a4l_a_rrc""]"
CDK2,pocket_residue:11:VdWContact,4,1.0,True,True,"[""1aq1_a_stu"", ""1fin_a_atp"", ""1pxn_a_ck6"", ""2a4l_a_rrc""]"
CDK2,pocket_residue:129:VdWContact,1,0.25,True,False,"[""1fin_a_atp""]"
CDK2,pocket_residue:12:ImplicitHBDonor,1,0.25,True,False,"[""1fin_a_atp""]"
CDK2,pocket_residue:12:VdWContact,4,1.0,True,True,"[""1aq1_a_stu"", ""1fin_a_atp"", ""1pxn_a_ck6"", ""2a4l_a_rrc""]"
CDK2,pocket_residue:131:ImplicitHBDonor,1,0.25,True,False,"[""1aq1_a_stu""]"
CDK2,pocket_residue:131:VdWContact,4,1.0,True,True,"[""1aq1_a_stu"", ""1fin_a_atp"", ""1pxn_a_ck6"", ""2a4l_a_rrc""]"
CDK2,pocket_residue:132:Hydrophobic,1,0.25,True,False,"[""2a4l_a_rrc""]"
CDK2,pocket_residue:132:VdWContact,3,0.75,True,True,"[""1aq1_a_stu"", ""1fin_a_atp"", ""2a4l_a_rrc""]"
CDK2,pocket_residue:134:Hydrophobic,1,0.25,True,False,"[""1aq1_a_stu""]"
CDK2,pocket_residue:134:VdWContact,4,1.0,True,True,"[""1aq1_a_stu"", ""1fin_a_atp"", ""1pxn_a_ck6"", ""2a4l_a_rrc""]"
CDK2,pocket_residue:13:VdWContact,3,0.75,True,True,"[""1aq1_a_stu"", ""1fin_a_atp"", ""2a4l_a_rrc""]"
CDK2,pocket_residue:144:VdWContact,3,0.75,True,True,"[""1aq1_a_stu"", ""1pxn_a_ck6"", ""2a4l_a_rrc""]"
CDK2,pocket_residue:145:Hydrophobic,1,0.25,True,False,"[""1aq1_a_stu""]"
CDK2,pocket_residue:145:VdWContact,4,1.0,True,True,"[""1aq1_a_stu"", ""1fin_a_atp"", ""1pxn_a_ck6"", ""2a4l_a_rrc""]"
CDK2,pocket_residue:14:VdWContact,1,0.25,True,False,"[""1fin_a_atp""]"
CDK2,pocket_residue:18:VdWContact,4,1.0,True,True,"[""1aq1_a_stu"", ""1fin_a_atp"", ""1pxn_a_ck6"", ""2a4l_a_rrc""]"
CDK2,pocket_residue:31:VdWContact,4,1.0,True,True,"[""1aq1_a_stu"", ""1fin_a_atp"", ""1pxn_a_ck6"", ""2a4l_a_rrc""]"
CDK2,pocket_residue:33:Hydrophobic,1,0.25,True,False,"[""1aq1_a_stu""]"
CDK2,pocket_residue:33:VdWContact,3,0.75,True,True,"[""1aq1_a_stu"", ""1fin_a_atp"", ""2a4l_a_rrc""]"
CDK2,pocket_residue:64:VdWContact,4,1.0,True,True,"[""1aq1_a_stu"", ""1fin_a_atp"", ""1pxn_a_ck6"", ""2a4l_a_rrc""]"
CDK2,pocket_residue:80:VdWContact,4,1.0,True,True,"[""1aq1_a_stu"", ""1fin_a_atp"", ""1pxn_a_ck6"", ""2a4l_a_rrc""]"
CDK2,pocket_residue:81:ImplicitHBDonor,1,0.25,True,False,"[""1fin_a_atp""]"
CDK2,pocket_residue:81:VdWContact,4,1.0,True,True,"[""1aq1_a_stu"", ""1fin_a_atp"", ""1pxn_a_ck6"", ""2a4l_a_rrc""]"
CDK2,pocket_residue:82:VdWContact,4,1.0,True,True,"[""1aq1_a_stu"", ""1fin_a_atp"", ""1pxn_a_ck6"", ""2a4l_a_rrc""]"
CDK2,pocket_residue:83:ImplicitHBAcceptor,3,0.75,True,True,"[""1aq1_a_stu"", ""1fin_a_atp"", ""2a4l_a_rrc""]"
CDK2,pocket_residue:83:ImplicitHBDonor,2,0.5,True,False,"[""1pxn_a_ck6"", ""2a4l_a_rrc""]"
CDK2,pocket_residue:83:VdWContact,4,1.0,True,True,"[""1aq1_a_stu"", ""1fin_a_atp"", ""1pxn_a_ck6"", ""2a4l_a_rrc""]"
CDK2,pocket_residue:84:VdWContact,3,0.75,True,True,"[""1aq1_a_stu"", ""1pxn_a_ck6"", ""2a4l_a_rrc""]"
CDK2,pocket_residue:85:VdWContact,3,0.75,True,True,"[""1aq1_a_stu"", ""1pxn_a_ck6"", ""2a4l_a_rrc""]"
CDK2,pocket_residue:86:Hydrophobic,1,0.25,True,False,"[""1pxn_a_ck6""]"
CDK2,pocket_residue:86:ImplicitHBDonor,1,0.25,True,False,"[""1aq1_a_stu""]"
CDK2,pocket_residue:86:VdWContact,4,1.0,True,True,"[""1aq1_a_stu"", ""1fin_a_atp"", ""1pxn_a_ck6"", ""2a4l_a_rrc""]"
CDK2,pocket_residue:89:ImplicitHBAcceptor,1,0.25,True,False,"[""1pxn_a_ck6""]"
CDK2,pocket_residue:89:ImplicitHBDonor,1,0.25,True,False,"[""1pxn_a_ck6""]"
CDK2,pocket_residue:89:VdWContact,2,0.5,True,False,"[""1pxn_a_ck6"", ""2a4l_a_rrc""]"
CDK2,pocket_residue:8:VdWContact,1,0.25,True,False,"[""2a4l_a_rrc""]"
