target,interaction_bit,native_count,native_frequency,in_global_union,in_60pct_core,native_receptors_json
EGFR,catalytic_glu:762:VdWContact,2,0.5,True,False,"[""1m17_a_aq4_999"", ""5cav_a_4zq_1101""]"
EGFR,catalytic_lys:745:Hydrophobic,3,0.75,True,True,"[""1m17_a_aq4_999"", ""1xkk_a_fmm_91"", ""4hjo_a_aq4_1001""]"
EGFR,catalytic_lys:745:ImplicitHBAcceptor,1,0.25,True,False,"[""5cav_a_4zq_1101""]"
EGFR,catalytic_lys:745:VdWContact,4,1.0,True,True,"[""1m17_a_aq4_999"", ""1xkk_a_fmm_91"", ""4hjo_a_aq4_1001"", ""5cav_a_4zq_1101""]"
EGFR,covalent_cys:797:VdWContact,4,1.0,True,True,"[""1m17_a_aq4_999"", ""1xkk_a_fmm_91"", ""4hjo_a_aq4_1001"", ""5cav_a_4zq_1101""]"
EGFR,dfg_region:855:Hydrophobic,1,0.25,True,False,"[""1m17_a_aq4_999""]"
EGFR,dfg_region:855:VdWContact,4,1.0,True,True,"[""1m17_a_aq4_999"", ""1xkk_a_fmm_91"", ""4hjo_a_aq4_1001"", ""5cav_a_4zq_1101""]"
EGFR,dfg_region:856:Hydrophobic,1,0.25,True,False,"[""1xkk_a_fmm_91""]"
EGFR,dfg_region:856:VdWContact,1,0.25,True,False,"[""1xkk_a_fmm_91""]"
EGFR,gatekeeper:790:ImplicitHBAcceptor,1,0.25,True,False,"[""1xkk_a_fmm_91""]"
EGFR,gatekeeper:790:VdWContact,4,1.0,True,True,"[""1m17_a_aq4_999"", ""1xkk_a_fmm_91"", ""4hjo_a_aq4_1001"", ""5cav_a_4zq_1101""]"
EGFR,hinge:793:Hydrophobic,3,0.75,True,True,"[""1xkk_a_fmm_91"", ""4hjo_a_aq4_1001"", ""5cav_a_4zq_1101""]"
EGFR,hinge:793:ImplicitHBAcceptor,3,0.75,True,True,"[""1m17_a_aq4_999"", ""1xkk_a_fmm_91"", ""4hjo_a_aq4_1001""]"
EGFR,hinge:793:VdWContact,4,1.0,True,True,"[""1m17_a_aq4_999"", ""1xkk_a_fmm_91"", ""4hjo_a_aq4_1001"", ""5cav_a_4zq_1101""]"
EGFR,pocket_residue:1002:VdWContact,1,0.25,True,False,"[""1xkk_a_fmm_91""]"
EGFR,pocket_residue:694:VdWContact,2,0.5,True,False,"[""1m17_a_aq4_999"", ""4hjo_a_aq4_1001""]"
EGFR,pocket_residue:695:VdWContact,1,0.25,True,False,"[""1m17_a_aq4_999""]"
EGFR,pocket_residue:702:VdWContact,2,0.5,True,False,"[""1m17_a_aq4_999"", ""4hjo_a_aq4_1001""]"
EGFR,pocket_residue:718:Hydrophobic,1,0.25,True,False,"[""1xkk_a_fmm_91""]"
EGFR,pocket_residue:718:VdWContact,2,0.5,True,False,"[""1xkk_a_fmm_91"", ""5cav_a_4zq_1101""]"
EGFR,pocket_residue:719:VdWContact,4,1.0,True,True,"[""1m17_a_aq4_999"", ""1xkk_a_fmm_91"", ""4hjo_a_aq4_1001"", ""5cav_a_4zq_1101""]"
EGFR,pocket_residue:720:VdWContact,1,0.25,True,False,"[""4hjo_a_aq4_1001""]"
EGFR,pocket_residue:723:VdWContact,1,0.25,True,False,"[""5cav_a_4zq_1101""]"
EGFR,pocket_residue:726:VdWContact,2,0.5,True,False,"[""1xkk_a_fmm_91"", ""5cav_a_4zq_1101""]"
EGFR,pocket_residue:742:VdWContact,1,0.25,True,False,"[""1m17_a_aq4_999""]"
EGFR,pocket_residue:743:VdWContact,2,0.5,True,False,"[""1xkk_a_fmm_91"", ""5cav_a_4zq_1101""]"
EGFR,pocket_residue:744:VdWContact,1,0.25,True,False,"[""1xkk_a_fmm_91""]"
EGFR,pocket_residue:764:Hydrophobic,1,0.25,True,False,"[""1m17_a_aq4_999""]"
EGFR,pocket_residue:764:VdWContact,2,0.5,True,False,"[""1m17_a_aq4_999"", ""4hjo_a_aq4_1001""]"
EGFR,pocket_residue:765:VdWContact,2,0.5,True,False,"[""1m17_a_aq4_999"", ""4hjo_a_aq4_1001""]"
EGFR,pocket_residue:766:Hydrophobic,1,0.25,True,False,"[""1xkk_a_fmm_91""]"
EGFR,pocket_residue:766:VdWContact,2,0.5,True,False,"[""1xkk_a_fmm_91"", ""5cav_a_4zq_1101""]"
EGFR,pocket_residue:767:VdWContact,2,0.5,True,False,"[""1m17_a_aq4_999"", ""4hjo_a_aq4_1001""]"
EGFR,pocket_residue:768:VdWContact,2,0.5,True,False,"[""1m17_a_aq4_999"", ""4hjo_a_aq4_1001""]"
EGFR,pocket_residue:770:VdWContact,2,0.5,True,False,"[""1m17_a_aq4_999"", ""4hjo_a_aq4_1001""]"
EGFR,pocket_residue:771:VdWContact,2,0.5,True,False,"[""1m17_a_aq4_999"", ""4hjo_a_aq4_1001""]"
EGFR,pocket_residue:772:ImplicitHBAcceptor,2,0.5,True,False,"[""1m17_a_aq4_999"", ""4hjo_a_aq4_1001""]"
EGFR,pocket_residue:772:VdWContact,2,0.5,True,False,"[""1m17_a_aq4_999"", ""4hjo_a_aq4_1001""]"
EGFR,pocket_residue:775:Hydrophobic,1,0.25,True,False,"[""1xkk_a_fmm_91""]"
EGFR,pocket_residue:775:VdWContact,2,0.5,True,False,"[""1xkk_a_fmm_91"", ""5cav_a_4zq_1101""]"
EGFR,pocket_residue:776:ImplicitHBAcceptor,1,0.25,True,False,"[""1xkk_a_fmm_91""]"
EGFR,pocket_residue:776:VdWContact,2,0.5,True,False,"[""1xkk_a_fmm_91"", ""4hjo_a_aq4_1001""]"
EGFR,pocket_residue:777:ImplicitHBAcceptor,1,0.25,True,False,"[""1xkk_a_fmm_91""]"
EGFR,pocket_residue:777:VdWContact,1,0.25,True,False,"[""1xkk_a_fmm_91""]"
EGFR,pocket_residue:788:VdWContact,1,0.25,True,False,"[""1xkk_a_fmm_91""]"
EGFR,pocket_residue:789:VdWContact,1,0.25,True,False,"[""1xkk_a_fmm_91""]"
EGFR,pocket_residue:791:ImplicitHBDonor,1,0.25,True,False,"[""5cav_a_4zq_1101""]"
EGFR,pocket_residue:791:VdWContact,2,0.5,True,False,"[""1xkk_a_fmm_91"", ""5cav_a_4zq_1101""]"
EGFR,pocket_residue:792:VdWContact,2,0.5,True,False,"[""1xkk_a_fmm_91"", ""5cav_a_4zq_1101""]"
EGFR,pocket_residue:794:VdWContact,1,0.25,True,False,"[""5cav_a_4zq_1101""]"
EGFR,pocket_residue:796:VdWContact,2,0.5,True,False,"[""1xkk_a_fmm_91"", ""5cav_a_4zq_1101""]"
EGFR,pocket_residue:799:VdWContact,1,0.25,True,False,"[""1xkk_a_fmm_91""]"
EGFR,pocket_residue:800:VdWContact,1,0.25,True,False,"[""1xkk_a_fmm_91""]"
EGFR,pocket_residue:803:VdWContact,1,0.25,True,False,"[""1xkk_a_fmm_91""]"
EGFR,pocket_residue:820:VdWContact,2,0.5,True,False,"[""1m17_a_aq4_999"", ""4hjo_a_aq4_1001""]"
EGFR,pocket_residue:830:VdWContact,2,0.5,True,False,"[""1m17_a_aq4_999"", ""4hjo_a_aq4_1001""]"
EGFR,pocket_residue:834:VdWContact,1,0.25,True,False,"[""4hjo_a_aq4_1001""]"
EGFR,pocket_residue:841:VdWContact,1,0.25,True,False,"[""1xkk_a_fmm_91""]"
EGFR,pocket_residue:844:VdWContact,2,0.5,True,False,"[""1xkk_a_fmm_91"", ""5cav_a_4zq_1101""]"
EGFR,pocket_residue:854:ImplicitHBAcceptor,1,0.25,True,False,"[""5cav_a_4zq_1101""]"
EGFR,pocket_residue:854:VdWContact,2,0.5,True,False,"[""1xkk_a_fmm_91"", ""5cav_a_4zq_1101""]"
EGFR,pocket_residue:858:VdWContact,1,0.25,True,False,"[""1xkk_a_fmm_91""]"
