receptor_id,pdb_id,auth_asym_id,uniprot_residue_number,auth_seq_id,residue_name,klifs_position,atom_names_present,residue_complete_flag,used_for_alignment_flag,warning
1m17_a_aq4_999,1M17,A,745,721,LYS,egfr_sequence_offset_-24,"C,CA,CB,CD,CE,CG,N,NZ,O",True,True,
1m17_a_aq4_999,1M17,A,762,738,GLU,egfr_sequence_offset_-24,"C,CA,CB,CD,CG,N,O,OE1,OE2",True,True,
1m17_a_aq4_999,1M17,A,790,766,THR,egfr_sequence_offset_-24,"C,CA,CB,CG2,N,O,OG1",True,True,
1m17_a_aq4_999,1M17,A,793,769,MET,egfr_sequence_offset_-24,"C,CA,CB,CE,CG,N,O,SD",True,True,
1m17_a_aq4_999,1M17,A,797,773,CYS,egfr_sequence_offset_-24,"C,CA,CB,N,O,SG",True,True,
1m17_a_aq4_999,1M17,A,855,831,ASP,egfr_sequence_offset_-24,"C,CA,CB,CG,N,O,OD1,OD2",True,True,
1m17_a_aq4_999,1M17,A,856,832,PHE,egfr_sequence_offset_-24,"C,CA,CB,CD1,CD2,CE1,CE2,CG,CZ,N,O",True,True,
1m17_a_aq4_999,1M17,A,857,833,GLY,egfr_sequence_offset_-24,"C,CA,N,O",True,True,
1xkk_a_fmm_91,1XKK,A,745,745,LYS,direct_auth_seq_id,"C,CA,CB,CD,CE,CG,N,NZ,O",True,True,
1xkk_a_fmm_91,1XKK,A,762,762,GLU,direct_auth_seq_id,"C,CA,CB,CD,CG,N,O,OE1,OE2",True,True,
1xkk_a_fmm_91,1XKK,A,790,790,THR,direct_auth_seq_id,"C,CA,CB,CG2,N,O,OG1",True,True,
1xkk_a_fmm_91,1XKK,A,793,793,MET,direct_auth_seq_id,"C,CA,CB,CE,CG,N,O,SD",True,True,
1xkk_a_fmm_91,1XKK,A,797,797,CYS,direct_auth_seq_id,"C,CA,CB,N,O,SG",True,True,
1xkk_a_fmm_91,1XKK,A,855,855,ASP,direct_auth_seq_id,"C,CA,CB,CG,N,O,OD1,OD2",True,True,
1xkk_a_fmm_91,1XKK,A,856,856,PHE,direct_auth_seq_id,"C,CA,CB,CD1,CD2,CE1,CE2,CG,CZ,N,O",True,True,
1xkk_a_fmm_91,1XKK,A,857,857,GLY,direct_auth_seq_id,"C,CA,N,O",True,True,
4hjo_a_aq4_1001,4HJO,A,745,721,LYS,egfr_sequence_offset_-24,"C,CA,CB,CD,CE,CG,N,NZ,O",True,True,
4hjo_a_aq4_1001,4HJO,A,762,738,GLU,egfr_sequence_offset_-24,"C,CA,CB,CD,CG,N,O,OE1,OE2",True,True,
4hjo_a_aq4_1001,4HJO,A,790,766,THR,egfr_sequence_offset_-24,"C,CA,CB,CG2,N,O,OG1",True,True,
4hjo_a_aq4_1001,4HJO,A,793,769,MET,egfr_sequence_offset_-24,"C,CA,CB,CE,CG,N,O,SD",True,True,
4hjo_a_aq4_1001,4HJO,A,797,773,CYS,egfr_sequence_offset_-24,"C,CA,CB,N,O,SG",True,True,
4hjo_a_aq4_1001,4HJO,A,855,831,ASP,egfr_sequence_offset_-24,"C,CA,CB,CG,N,O,OD1,OD2",True,True,
4hjo_a_aq4_1001,4HJO,A,856,832,PHE,egfr_sequence_offset_-24,"C,CA,CB,CD1,CD2,CE1,CE2,CG,CZ,N,O",True,True,
4hjo_a_aq4_1001,4HJO,A,857,833,GLY,egfr_sequence_offset_-24,"C,CA,N,O",True,True,
4i22_a_ire_9001,4I22,A,745,745,LYS,direct_auth_seq_id,"C,CA,CB,CD,CE,CG,N,NZ,O",True,True,
4i22_a_ire_9001,4I22,A,762,762,GLU,direct_auth_seq_id,"C,CA,CB,CD,CG,N,O,OE1,OE2",True,True,
4i22_a_ire_9001,4I22,A,790,790,MET,direct_auth_seq_id,"C,CA,CB,CE,CG,N,O,SD",True,True,
4i22_a_ire_9001,4I22,A,793,793,MET,direct_auth_seq_id,"C,CA,CB,CE,CG,N,O,SD",True,True,
4i22_a_ire_9001,4I22,A,797,797,CYS,direct_auth_seq_id,"C,CA,CB,N,O,SG",True,True,
4i22_a_ire_9001,4I22,A,855,855,ASP,direct_auth_seq_id,"C,CA,CB,CG,N,O,OD1,OD2",True,True,
4i22_a_ire_9001,4I22,A,856,856,PHE,direct_auth_seq_id,"C,CA,CB,CD1,CD2,CE1,CE2,CG,CZ,N,O",True,True,
4i22_a_ire_9001,4I22,A,857,857,GLY,direct_auth_seq_id,"C,CA,N,O",True,True,
5cav_a_4zq_1101,5CAV,A,745,745,LYS,direct_auth_seq_id,"C,CA,CB,CD,CE,CG,N,NZ,O",True,True,
5cav_a_4zq_1101,5CAV,A,762,762,GLU,direct_auth_seq_id,"C,CA,CB,CD,CG,N,O,OE1,OE2",True,True,
5cav_a_4zq_1101,5CAV,A,790,790,THR,direct_auth_seq_id,"C,CA,CB,CG2,N,O,OG1",True,True,
5cav_a_4zq_1101,5CAV,A,793,793,MET,direct_auth_seq_id,"C,CA,CB,CE,CG,N,O,SD",True,True,
5cav_a_4zq_1101,5CAV,A,797,797,CYS,direct_auth_seq_id,"C,CA,CB,N,O,SG",True,True,
5cav_a_4zq_1101,5CAV,A,855,855,ASP,direct_auth_seq_id,"C,CA,CB,CG,N,O,OD1,OD2",True,True,
5cav_a_4zq_1101,5CAV,A,856,856,PHE,direct_auth_seq_id,"C,CA,CB,CD1,CD2,CE1,CE2,CG,CZ,N,O",True,True,
5cav_a_4zq_1101,5CAV,A,857,857,GLY,direct_auth_seq_id,"C,CA,N,O",True,True,
6duk_a_jbj_1103,6DUK,A,745,745,LYS,direct_auth_seq_id,"C,CA,CB,CD,CE,CG,N,NZ,O",True,True,
6duk_a_jbj_1103,6DUK,A,762,762,GLU,direct_auth_seq_id,"C,CA,CB,CD,CG,N,O,OE1,OE2",True,True,
6duk_a_jbj_1103,6DUK,A,790,790,MET,direct_auth_seq_id,"C,CA,CB,CE,CG,N,O,SD",True,True,
6duk_a_jbj_1103,6DUK,A,793,793,MET,direct_auth_seq_id,"C,CA,CB,CE,CG,N,O,SD",True,True,
6duk_a_jbj_1103,6DUK,A,797,797,CYS,direct_auth_seq_id,"C,CA,CB,N,O,SG",True,True,
6duk_a_jbj_1103,6DUK,A,855,855,ASP,direct_auth_seq_id,"C,CA,CB,CG,N,O,OD1,OD2",True,True,
6duk_a_jbj_1103,6DUK,A,856,856,PHE,direct_auth_seq_id,"C,CA,CB,CD1,CD2,CE1,CE2,CG,CZ,N,O",True,True,
6duk_a_jbj_1103,6DUK,A,857,857,GLY,direct_auth_seq_id,"C,CA,N,O",True,True,
6duk_b_jbj_1103,6DUK,B,745,745,LYS,direct_auth_seq_id,"C,CA,CB,CD,CE,CG,N,NZ,O",True,True,
6duk_b_jbj_1103,6DUK,B,762,762,GLU,direct_auth_seq_id,"C,CA,CB,CD,CG,N,O,OE1,OE2",True,True,
6duk_b_jbj_1103,6DUK,B,790,790,MET,direct_auth_seq_id,"C,CA,CB,CE,CG,N,O,SD",True,True,
6duk_b_jbj_1103,6DUK,B,793,793,MET,direct_auth_seq_id,"C,CA,CB,CE,CG,N,O,SD",True,True,
6duk_b_jbj_1103,6DUK,B,797,797,CYS,direct_auth_seq_id,"C,CA,CB,N,O,SG",True,True,
6duk_b_jbj_1103,6DUK,B,855,855,ASP,direct_auth_seq_id,"C,CA,CB,CG,N,O,OD1,OD2",True,True,
6duk_b_jbj_1103,6DUK,B,856,856,PHE,direct_auth_seq_id,"C,CA,CB,CD1,CD2,CE1,CE2,CG,CZ,N,O",True,True,
6duk_b_jbj_1103,6DUK,B,857,857,GLY,direct_auth_seq_id,"C,CA,N,O",True,True,
6duk_c_jbj_1103,6DUK,C,745,745,LYS,direct_auth_seq_id,"C,CA,CB,CD,CE,CG,N,NZ,O",True,True,
6duk_c_jbj_1103,6DUK,C,762,762,GLU,direct_auth_seq_id,"C,CA,CB,CD,CG,N,O,OE1,OE2",True,True,
6duk_c_jbj_1103,6DUK,C,790,790,MET,direct_auth_seq_id,"C,CA,CB,CE,CG,N,O,SD",True,True,
6duk_c_jbj_1103,6DUK,C,793,793,MET,direct_auth_seq_id,"C,CA,CB,CE,CG,N,O,SD",True,True,
6duk_c_jbj_1103,6DUK,C,797,797,CYS,direct_auth_seq_id,"C,CA,CB,N,O,SG",True,True,
6duk_c_jbj_1103,6DUK,C,855,855,ASP,direct_auth_seq_id,"C,CA,CB,CG,N,O,OD1,OD2",True,True,
6duk_c_jbj_1103,6DUK,C,856,856,PHE,direct_auth_seq_id,"C,CA,CB,CD1,CD2,CE1,CE2,CG,CZ,N,O",True,True,
6duk_c_jbj_1103,6DUK,C,857,857,GLY,direct_auth_seq_id,"C,CA,N,O",True,True,
6duk_d_jbj_1103,6DUK,D,745,745,LYS,direct_auth_seq_id,"C,CA,CB,CD,CE,CG,N,NZ,O",True,True,
6duk_d_jbj_1103,6DUK,D,762,762,GLU,direct_auth_seq_id,"C,CA,CB,CD,CG,N,O,OE1,OE2",True,True,
6duk_d_jbj_1103,6DUK,D,790,790,MET,direct_auth_seq_id,"C,CA,CB,CE,CG,N,O,SD",True,True,
6duk_d_jbj_1103,6DUK,D,793,793,MET,direct_auth_seq_id,"C,CA,CB,CE,CG,N,O,SD",True,True,
6duk_d_jbj_1103,6DUK,D,797,797,CYS,direct_auth_seq_id,"C,CA,CB,N,O,SG",True,True,
6duk_d_jbj_1103,6DUK,D,855,855,ASP,direct_auth_seq_id,"C,CA,CB,CG,N,O,OD1,OD2",True,True,
6duk_d_jbj_1103,6DUK,D,856,856,PHE,direct_auth_seq_id,"C,CA,CB,CD1,CD2,CE1,CE2,CG,CZ,N,O",True,True,
6duk_d_jbj_1103,6DUK,D,857,857,GLY,direct_auth_seq_id,"C,CA,N,O",True,True,
6duk_e_jbj_1103,6DUK,E,745,745,LYS,direct_auth_seq_id,"C,CA,CB,CD,CE,CG,N,NZ,O",True,True,
6duk_e_jbj_1103,6DUK,E,762,762,GLU,direct_auth_seq_id,"C,CA,CB,CD,CG,N,O,OE1,OE2",True,True,
6duk_e_jbj_1103,6DUK,E,790,790,MET,direct_auth_seq_id,"C,CA,CB,CE,CG,N,O,SD",True,True,
6duk_e_jbj_1103,6DUK,E,793,793,MET,direct_auth_seq_id,"C,CA,CB,CE,CG,N,O,SD",True,True,
6duk_e_jbj_1103,6DUK,E,797,797,CYS,direct_auth_seq_id,"C,CA,CB,N,O,SG",True,True,
6duk_e_jbj_1103,6DUK,E,855,855,ASP,direct_auth_seq_id,"C,CA,CB,CG,N,O,OD1,OD2",True,True,
6duk_e_jbj_1103,6DUK,E,856,856,PHE,direct_auth_seq_id,"C,CA,CB,CD1,CD2,CE1,CE2,CG,CZ,N,O",True,True,
6duk_e_jbj_1103,6DUK,E,857,857,GLY,direct_auth_seq_id,"C,CA,N,O",True,True,
6duk_f_jbj_1103,6DUK,F,745,745,LYS,direct_auth_seq_id,"C,CA,CB,CD,CE,CG,N,NZ,O",True,True,
6duk_f_jbj_1103,6DUK,F,762,762,GLU,direct_auth_seq_id,"C,CA,CB,CD,CG,N,O,OE1,OE2",True,True,
6duk_f_jbj_1103,6DUK,F,790,790,MET,direct_auth_seq_id,"C,CA,CB,CE,CG,N,O,SD",True,True,
6duk_f_jbj_1103,6DUK,F,793,793,MET,direct_auth_seq_id,"C,CA,CB,CE,CG,N,O,SD",True,True,
6duk_f_jbj_1103,6DUK,F,797,797,CYS,direct_auth_seq_id,"C,CA,CB,N,O,SG",True,True,
6duk_f_jbj_1103,6DUK,F,855,855,ASP,direct_auth_seq_id,"C,CA,CB,CG,N,O,OD1,OD2",True,True,
6duk_f_jbj_1103,6DUK,F,856,856,PHE,direct_auth_seq_id,"C,CA,CB,CD1,CD2,CE1,CE2,CG,CZ,N,O",True,True,
6duk_f_jbj_1103,6DUK,F,857,857,GLY,direct_auth_seq_id,"C,CA,N,O",True,True,
